feature_1,feature_2,feature_3,feature_4,feature_5,feature_6,feature_7,feature_8,feature_9,feature_10,feature_11,feature_12,TEC
0.3304717079754431,0.2623139221832412,0.42230797426252753,0.4403821063076668,0.6616874398498608,0.4177458866708321,0.533537399993687,0.4999330597218161,0.5906262938283329,0.6978461355213617,0.7553930621541166,0.9088640151737404,0.6249196289808632
0.31978918637011255,0.4506913922921718,0.6424884475177821,0.6530000624538305,0.5958207463234817,0.5777649813711168,0.7070115995485375,0.6137013602640925,0.8648098206887933,0.7140843952055524,0.9532625599620876,0.8935562556083261,0.7870354694184976
0.6189057800107489,0.3915688824544437,0.6051586302226358,0.4004035988694538,0.5635880035596996,0.7434127069806855,0.6016426710386107,0.7276587375700079,0.6311647641798976,0.996252876717012,0.9378664440848006,0.857087952002255,0.796587325056918
0.752376222614141,0.5236287330526904,0.7476178895466916,0.5644370324756426,0.731772043930836,0.764329728970129,0.9527882325245516,0.968142735403889,0.9962463849924562,0.9861132934897985,0.8935920432314208,0.9092151107425843,0.9620283625476143
0.570232524218201,0.9807192490647606,0.7731364164385505,0.7040602401921988,0.8153673679887916,0.7804267968308011,0.8608164051760754,0.84358702540716,0.9364680066428513,1.038683314174322,0.9292783166115135,1.1995234631347733,0.9706786855516236
0.7329621652366114,0.7297429776845038,0.8458718643822037,1.0206422390400451,0.7553578898385811,0.8462815584181672,0.9682748460640171,1.0318897892422216,0.8797356753627097,1.156902000999517,0.9024086861224777,1.0880019716964464,1.0336015714113518
0.9630333324271722,0.8315593507265231,0.8630125319233589,0.9762177160242512,0.9353503699632644,0.9075795007964804,1.2333152813875294,0.9721876687601745,0.9957991961893536,1.3658360651827235,1.1461178339303997,1.3152761392233994,1.1999079359417182
0.9934688363399206,1.1986639975459785,1.055169709092975,1.092750616622193,0.9515146765612517,0.9524641451688163,1.2109386951399863,1.1065184504954007,1.0054409069881953,0.9642462809878463,1.1299145271157456,1.1461090472684883,1.167921617986317
1.084756312868498,1.369217402249272,0.990537522719889,0.9640935402608346,1.1781960978673343,1.3262908117719046,1.0839754151288163,1.1205852989177865,1.244541345753134,1.109955893305833,0.9747715874982684,1.271328977236557,1.2266520754752555
1.0478957105604914,1.0144301860228029,1.1974861177317297,1.0217279819523417,1.1440312355748654,1.181341159903341,1.1071307982161964,1.2720822641101128,1.279413560014554,1.168653056555516,1.2031777639114503,1.524587888494564,1.318585073894141
1.2524582005829596,1.1360357093613622,1.285765863485572,1.227015770368094,1.1614736377738257,1.2891409680433654,1.1819225066113295,1.178163437814993,1.0798054518683808,1.1893500365174356,1.2094004723943377,1.2209454001153337,1.2779218418390104
1.2575325897424061,1.2360812133231176,1.2507447111323717,1.2291489017471826,1.222317704006621,1.195532008857195,1.3094318190415468,1.1178543718680738,1.2540238712975649,1.2083588123952504,1.4976845880887115,1.176399046203499,1.4067157276588753
1.1851088426809768,1.3911876858064522,1.212426225415807,1.311427531808015,1.2920950248902285,1.264632423471424,1.2875818335908065,1.176761872236063,1.2476589578134774,1.3252077483320532,1.2081780603858476,1.5323536376250215,1.4367068801075848
1.2733461529970769,1.1230360701653426,1.3031659603317483,1.2628356439155124,1.3616812228060402,1.2452171591007137,1.2937161454677435,1.2978126630842808,1.499689088394427,1.269794791719249,1.2702602976288215,1.3564356995735252,1.4310789689669148
1.1729488346238002,1.1874467688603334,1.2331300042745572,1.3260187713960199,1.2233646910351301,1.0790749469774616,1.5103673708766445,1.2581549228119526,1.2682997686564694,1.458331968125624,1.5588132021023466,1.470271288970395,1.48240233418784
0.9896486746154705,1.266802894144331,1.3531403909110113,1.3219724344393087,1.2354266197598869,1.2282510362647285,1.3777302380048098,1.451998847037998,1.5931724227394035,1.4603342075170844,1.6142830577002825,1.4446798439512651,1.5249762195771206
1.0462262963108324,1.1966313241088193,1.061346662002076,1.3831179043992923,1.459057087525292,1.2007662762863007,1.639549925684343,1.3880304161283674,1.4551982504508567,1.5304513853676045,1.4321643961696782,1.5586291099799394,1.6453760408003946
0.8324552302010642,1.0669200165531179,1.1851968944060873,1.3763866427484337,1.3090025242479255,1.1664668825315094,1.433911835082021,1.6912849603655191,1.3643344705546876,1.5570466653916188,1.4686791987692112,1.4628249867710204,1.5845730175880568
0.9214503857791148,1.030285984982481,0.9834737577087974,1.1152169895322341,1.2027801905058182,1.2752731293777622,1.6133169143814017,1.2947506169347125,1.4309201957007476,1.5871452509798194,1.6158174682064075,1.5633945969236474,1.5407802488226041
0.7214046272506613,0.8336667281639591,0.9866328718281723,1.0252495609049506,1.3756424202036954,1.524356175325459,1.4750854212391213,1.4989761931030283,1.432636875260438,1.506635133486414,1.3407915721818173,1.6472506424186322,1.6167213427321623
0.5896846539744389,0.8639264518024847,1.2162549217979697,1.314327197666055,1.357000666472049,1.3781334660183155,1.5347851241781794,1.371233290773188,1.3954462008390593,1.7697091240547678,1.4036204735426963,1.5196224026333605,1.5746603971594755
0.4124552894855379,0.76766829323774,1.1037180077161146,1.2887246684596252,1.1296874471154699,1.4960280871062293,1.359703670116611,1.4353809103177106,1.5383999344296595,1.5910821162703042,1.5747736611413141,1.565873007967691,1.5269663960475277
0.4675513559019695,0.7150612162079852,0.8677308553051163,1.0155994372710442,1.2706314724846175,1.3861922344322346,1.33500450432238,1.4948041876967841,1.4079919806499377,1.3878102179595713,1.7677595126543653,1.6137627169787143,1.6204313468976235
0.18885262396316127,0.5259314645482549,0.7066911358751905,0.8716501865929648,1.2791798502220888,1.395285314724977,1.4491334150951787,1.239307438907118,1.3104430122264876,1.4765783174736875,1.575894033376812,1.5153854806699858,1.4602543765428415
0.0167199242733869,0.5115272272650847,0.4702504400765992,1.0001868451234586,1.194244708538383,1.1928096252952822,1.4794210093410882,1.48196354106331,1.4840263517155576,1.4018345474008354,1.6329968407983395,1.622885923810469,1.4947092202904753
-0.12213323595614207,0.44313339056791834,0.6154055289063803,1.0091695047804197,1.1647134797355663,1.2952551147933131,1.3566951564122038,1.6302954126977625,1.3310452909399624,1.5729855894234133,1.7364338378403021,1.680975885321221,1.5522775436766663
-0.17980826693891622,0.23083087286387577,0.8089961850614328,1.0153313620963718,0.8996452673173734,1.2699736363023983,1.1909418707168822,1.3717257341336477,1.4212944099777673,1.5507361869654408,1.8305966518511312,1.630152792798679,1.5576931621833416
-0.34018737675177696,0.12123832252858932,0.5027076789722684,0.8009551494413975,1.0059457873615116,1.0881852201773352,1.1454078545370279,1.4155304226866587,1.3866584176334429,1.5040474467463782,1.5557738701096746,1.6410246529130779,1.4133383926135226
-0.4746817016946898,-0.039051693699369575,0.2915591766641884,0.6208054274748875,0.8699673273363648,1.1453134755547048,1.095671651007231,1.460031049666979,1.3674356116622524,1.736288522288772,1.602028508913022,1.6612637599182927,1.3479515729221174
-0.6056453215603954,-0.17452788075168474,0.2793631081439298,0.47288765856428033,0.7743983600497437,1.084536460678043,1.013856822347141,1.3047555715084682,1.6276396020066461,1.5707689388569135,1.7728896577404036,1.5898100388100296,1.3997385860692577
-0.5589942925869169,-0.3751335376277996,-0.039819878203719794,0.46385256797968977,0.8277187124474326,0.9068856738643435,1.1492903563295707,1.2224225684728443,1.402250707503553,1.5655726397423109,1.4221801092531572,1.7136697457493975,1.2615476530442462
-0.9281208640023476,-0.39659118184962167,-0.03089087677011368,0.33031387473229534,0.8026226996123169,0.7791961143487968,1.1942878648028485,1.0082197455863142,1.3863908185047567,1.373425761649721,1.6576532884369455,1.7744068473989205,1.341259568219223
-1.041288360822681,-0.5586359479776786,-0.10842658949850631,0.15406183058071438,0.7447474273788819,0.6987703120555491,1.0198540818845747,1.2512439782150566,1.145748451881195,1.336739830988886,1.4303830723469693,1.5677087332866904,1.1266515989460768
-1.1608368708222225,-0.45429333563586566,-0.24290609450195674,0.35435704975710786,0.6045508319183759,0.7480150384668847,0.7308092460471689,1.1234432962046803,1.21594379905522,1.4070915227923277,1.516660311356369,1.64313017997156,1.0070082691554023
-1.0928067637421541,-0.6137124416821801,-0.26877658925697456,0.2212988057421996,0.367582998240695,0.6911323554009035,0.8699643277584007,0.9775743245565811,1.2573802813850228,1.3841998614870872,1.4532928382967363,1.5482795604163346,1.073081113170378
-1.1009523298289419,-0.831416385801176,-0.4235461469909776,0.049885427556896594,0.3176409374547918,0.4955647080017412,0.8017944276597713,1.0322717360712463,1.0846193575626837,1.14159501139054,1.3499120253127135,1.5836374926985735,1.0423966969201932
-1.268366059053267,-1.0356519422283892,-0.4969059561464265,-0.26129623063370994,0.2618023512717672,0.49163095382618893,0.9538786818044491,0.8989345164626068,1.2259802296144784,1.26647956961419,1.3126609060249477,1.6757876108694219,1.014826290068201
-1.367202001602697,-1.1493109757450481,-0.7328993290017337,-0.18738519740564646,0.09954920546908727,0.45841477513145756,0.5222811941260883,0.8393198453336825,0.9600648827323676,1.2402874479323305,1.401061533497084,1.5395342738571878,0.9061696415797982
-1.3746069962857845,-0.9861656034816757,-0.66826953641355,-0.3099902544122678,0.0030058755596441555,0.3742781720616237,0.550509582537033,0.8850820937870674,0.994108501380035,1.1689600726832625,1.4327143903326083,1.2781949695085695,0.7117512411133129
-1.2187464059121045,-1.133941823237063,-0.6819390904322589,-0.42737767387902614,-0.024383226771027666,0.3779392262393937,0.679977220761003,0.6206088812836936,0.9040025305032551,1.0581040931709773,1.2773272206259352,1.4652923708999999,0.7552650173913681
-1.1839717530205467,-1.154247636956214,-1.020615417736982,-0.4402066687819419,-0.20793700838618928,0.2604263162428794,0.47281254409736306,0.7871601042790451,0.9165665874463256,1.0319889911013735,1.251969301712749,1.5051096483008324,0.622021617574389
-1.161738972237249,-1.4054044190851298,-1.0823906619039458,-0.5903169918764772,-0.36813360022914904,-0.05724483260440494,0.4015608122490498,0.4689218875408957,0.7714982660873619,1.0124537419708324,1.2543737840780764,1.3192607539553194,0.5197018625916164
-1.2242933851789541,-1.1532088179222437,-0.9206640409821624,-0.6629879297868863,-0.42718979654842,0.12207275041667454,0.273484798288222,0.46726417794042147,0.7419868849388528,0.9812893156068192,1.0501660155280228,1.3983466419020514,0.4200981625051674
-1.0610436894960278,-1.2016827335250568,-1.1240339233239072,-0.7502442255119623,-0.4096416768969559,-0.1873875626648186,0.2115938539622557,0.6495630239248591,0.6773465042407034,0.9728129547936026,1.1692806737027102,1.1850054150217393,0.3938328084679752
-0.9850562528569529,-1.345507113646133,-1.0047376231126863,-0.8500140680974567,-0.5562071809699745,-0.11615322284690494,0.17310643225716577,0.4929422872785222,0.5580032536712414,0.9587880785373137,1.1232867820636834,1.0586791947420613,0.31455608389024126
-0.8745891294350662,-1.255284462230987,-1.218781437834449,-1.1252796029040688,-0.6015973389623401,-0.2980595411987056,-0.06828744755021443,0.3124283204925895,0.6092841224513688,0.7580762693127514,1.245965369311931,1.1726655097765448,0.3173267230904134
-0.6978189369115705,-1.142075879637228,-1.047344754354129,-0.9935585084232729,-0.6428419309384956,-0.42768911377122,0.018747772819147746,0.13092007412085838,0.5130524572328391,0.6773454277100909,0.8906092563553609,0.932438214009828,0.20195178891400695
-0.6415381915882652,-1.1106368817624215,-1.186764443486059,-1.1042884856128565,-0.8161975642958526,-0.6458025605378394,-0.28672086696066634,0.09451807265124884,0.4081573685010172,0.7010246365605743,0.8235578463253896,1.03199535522948,0.08920557772705873
-0.46716931065547634,-1.0802775382145637,-1.169830159241997,-1.2147815516472233,-0.7661305419710345,-0.5572511047856387,-0.19520315974525881,0.07773527336861596,0.30140753496606826,0.6517006072836274,0.8861059458320254,1.1310248107283392,0.016050823538406214
-0.393593547564845,-0.9850879355813964,-1.023637341542676,-0.9478225981866583,-0.8606747943615305,-0.7671766142026124,-0.28666323416137673,-0.0020652216261310974,0.3514371778744265,0.479826869431471,0.8298319841086907,0.7563506532615599,-0.030190570075249917
-0.23283602882591292,-0.9130094943497415,-1.1896035238208793,-0.9631579439268653,-1.072229058980206,-0.5813334830530604,-0.44017230552221853,-0.08999814050216176,0.17569003845367973,0.534408542055075,0.6321696568434991,0.7631225796816007,-0.1259614662768165
-0.0581460986624838,-0.7760346801358784,-1.2099663496940665,-1.0108733380279324,-0.8477566280900928,-0.5885135065610514,-0.45196686390758445,-0.15764041400581624,0.09652232352334617,0.485161514486302,0.5823425338385833,0.7305177120785742,-0.07022227163256892
-0.1266886801568347,-0.5391482607947995,-1.1125992037610501,-1.1226068002225866,-1.0780619529808353,-0.8769655819059694,-0.5799115919882917,-0.24788306050961945,0.06627330218151029,0.4481384928465847,0.6131577471782885,0.7690886966792406,-0.1191455999896089
0.12516446988841556,-0.8307127938109053,-0.9643078089688205,-1.0049758992807756,-1.222015417059431,-0.8187869179446343,-0.6892596401639091,-0.4404703411238983,0.15503276162140367,0.42872427671971985,0.4122615847033888,0.6797504369971149,-0.192659862277062
0.2440214973273166,-0.4795202458214645,-1.0983679196742826,-1.1213763377822508,-1.1818520365717076,-0.9675651428398147,-0.6780406016126906,-0.41539316011605404,-0.2178731591551264,0.0965508571047306,0.3897171883636866,0.7964920045837812,-0.3640264507335018
0.3550156396148645,-0.315371508733514,-0.8013792881861506,-1.0756059309956854,-1.1924723566708413,-0.9979845933593645,-0.8095280768812938,-0.33710535677939907,-0.07458773003150815,0.11748232795009445,0.37544257204472564,0.6917795063718004,-0.45414007104967336
0.5113503875781708,-0.1774190177363641,-0.8341350619438573,-1.1694966829871314,-1.0902547640410702,-0.8916330432707893,-0.7188820565295175,-0.6273067128689913,-0.4068983142773427,0.050940462787756824,0.4019394906515652,0.5853052645533099,-0.47490557227221303
0.7987664780303118,-0.11645409998136368,-0.5731945900986063,-0.9759430946876174,-1.120002513305015,-1.0005209742008425,-0.9135281345967325,-0.5681496133625739,-0.2598869904017068,-0.02523607385151244,0.17808522931247467,0.48959949805724823,-0.34936150022577905
0.6620293830582731,-0.12688239654505545,-0.8285633116702842,-0.9566616740314046,-1.1154958364680627,-0.8437622044589617,-0.7697694878459207,-0.6864536820142118,-0.18592461258252768,-0.14434263906482608,-0.0089697462189543,0.4536022078442955,-0.48765968700021256
0.9323770000688277,0.20848656907985103,-0.5633155680640123,-1.0319904579168866,-1.0011477742073094,-1.080358300165096,-0.9964402791501732,-0.6449529828693215,-0.353937898705583,-0.2904946224530793,-0.07895738217577686,0.26746752289773296,-0.5833736577599445
0.7406573084555849,0.4727324776247063,-0.5441553995814197,-0.8383002767024411,-1.0026575410421814,-0.9398673329783733,-0.9669365730639616,-0.7426635623947435,-0.4424436712549614,-0.19351953640585934,-0.07491094589285574,0.37907658949762607,-0.43409537129161274
0.9343855701173404,0.26694051883094116,-0.34531809561463767,-0.7655607404012946,-0.9709513583906124,-1.0309303768489335,-0.9993087559130798,-0.5996684355055792,-0.5693678064088232,-0.33859664205962375,-0.14088199834516524,0.12230327205668884,-0.518897173243645
1.0279174409992469,0.6217166827892429,-0.1224929456790618,-0.4957663677797386,-0.920080030604395,-0.955154092582529,-0.8252647753025681,-0.73606203454215,-0.5609459483562016,-0.3100631088366829,-0.08436612582007286,0.25781811884672573,-0.5044464852031096
1.0984112491631037,0.6108953365772658,-0.04818700846283558,-0.4981883767750842,-0.8508116346865366,-1.0667195843448583,-0.9399609415309043,-0.9527454865327118,-0.6367027423830057,-0.45270558984171033,-0.2457010539986222,0.23444492682039747,-0.6069538030778096
1.1232207085082244,0.7382493067500971,0.06187852715060832,-0.4933744623342895,-1.0677444117692898,-1.007503351322046,-1.003570266484858,-0.7846651359055239,-0.7340764748618142,-0.5354598672388007,-0.25339242416254915,0.0794001889218891,-0.6361035000919373
1.1279321455901485,0.7308571118052652,0.18818850586104802,-0.37208038487433626,-0.8314292943320176,-0.9880100432334789,-0.9360730523327621,-0.9547185897211319,-0.7248162887000399,-0.4516352628393388,-0.3150573686019772,-0.01573858567505071,-0.6138718988664246
0.9946859162918879,0.8846202722123412,0.33968032658184644,-0.2912511183362311,-0.9449480398049719,-1.0274817280527544,-1.1943261920226151,-0.9555456419999289,-0.7125521586554092,-0.5067547614701493,-0.3342962751665688,-0.013280742356071018,-0.5767422810952543
0.9492547624038575,1.1192875494837438,0.3310192149371324,-0.21172013638582976,-0.6496000309767387,-0.838757121389303,-0.9796969758401028,-0.8820884717126403,-0.8417429189630449,-0.5077525612618528,-0.20849884331700408,-0.3932737888968354,-0.6170695428891508
1.0329268518106145,1.1073406209503505,0.6113681958158752,-0.19326258506921212,-0.5747546252258271,-0.7949084044545986,-0.761552589389018,-0.9732265209183075,-0.8742217117292758,-0.3878308776158806,-0.32281340967229477,-0.1291777704619228,-0.5368022639372224
0.8662989231367424,1.270089698381757,0.711060603346232,0.007642143197802459,-0.38613213525495876,-0.749664025568298,-0.9281905810584354,-0.8402508863794602,-0.9540182976547106,-0.6161879260780894,-0.43326351696938514,-0.2213514383578441,-0.5466116668967443
0.6839741865383925,1.249937735480612,0.781778477062825,0.0564471518291642,-0.2841573029219287,-0.5987993480498995,-0.9090408981252773,-1.0073429294365066,-0.7990518911053964,-0.6295422685345515,-0.5243177773232801,-0.2638855959619265,-0.6626046000629802
0.6134740602732268,1.198712039710202,0.8909052309169777,0.11405915262987679,-0.2912792421622917,-0.5457313095042153,-0.8298244773300347,-0.9870016821065077,-0.7993700036057253,-0.8164556776485317,-0.5622156440070512,-0.23503855479910885,-0.5722790066705912
0.5407558020484908,1.3389405893548665,0.949559358961853,0.39715629885204407,-0.2672117224882241,-0.6613562855627863,-0.7584192770228448,-0.9808292230908955,-0.8420951013080736,-0.8644477048340422,-0.5240091737937549,-0.357972812290122,-0.6244594262227984
0.5805798042150745,1.2053500318640313,1.2000438723410847,0.4902096646225297,-0.07186256732987406,-0.5151390530559946,-1.0057718668557842,-0.9567429280276085,-0.7756333501680007,-0.6008440956333947,-0.5333561633159651,-0.5071338191281705,-0.6986003676864869
0.43726768552443684,1.2284895417284563,1.0557440138870415,0.37477990758006596,-0.07457414310186955,-0.539159128320124,-0.9271971470808731,-0.7702017823776839,-0.8657492703006936,-0.871074007485618,-0.7145137498108778,-0.4475672434701504,-0.7271146913268727
0.38004809363390935,1.087937535725687,1.0923903105802493,0.6401036509495317,0.07784655593339385,-0.3949998780231714,-0.6859841314050608,-0.7922124525039762,-0.8331994331298783,-0.898876776474405,-0.6489730133183433,-0.4645712743024555,-0.6108606986433573
0.1539272427540057,1.0842906270336028,1.0966408139050752,0.8466822271240438,0.27690522992595723,-0.3744586519625913,-0.7218982223359978,-0.6541932316572248,-0.8353592342644042,-0.8102468431124832,-0.8814516988353223,-0.495214803170849,-0.5217183633127425
0.09772462115912828,0.9566858421951344,1.107528731622322,0.9428921369117276,0.22272083172288984,-0.0666859708744928,-0.45821535423436544,-0.5637587607872165,-0.863733130501339,-0.8232625711474078,-0.6795051845922764,-0.5232811130124977,-0.4677401065398688
0.03109093176956977,1.0636742905802838,1.1146511680046105,1.0238681352643781,0.45853735851458405,-0.10405867825339105,-0.5558352299002214,-0.8543060501734292,-0.8920235171528129,-0.908418547802887,-0.6434946899035845,-0.4655931511695559,-0.4757341132640607
-0.17245913513310823,0.7755351392209687,1.167960390930718,1.0033320544055169,0.5438166465984535,-0.07197182196892304,-0.648865719041116,-0.700434253134226,-0.5974631916359595,-0.8485873315187442,-0.7633335049642331,-0.7053982962963683,-0.3903698231744531
-0.20084938348873965,0.891588996792976,1.256831255415926,0.9863686948943117,0.47672007439834896,0.16095804974216144,-0.509824484452111,-0.7770425094910067,-0.8396507858631664,-0.6910645033662286,-0.5658225786503182,-0.603620186832377,-0.4867205735602852
-0.41099211284624737,0.7066910428224213,1.2937271864776483,1.0267010583676335,0.7631213984522387,-0.08269235880099701,-0.582454134002744,-0.685025793288486,-0.8323421309593456,-0.8865089560960426,-0.844237050714943,-0.513653501308267,-0.4679204173228877
-0.47109389951361197,0.7488558753767495,1.2512734973570458,1.2260416762320956,0.8259435840452312,0.026236902873954915,-0.25256803416060514,-0.6142217815482336,-0.6894706414171298,-0.9331984124955348,-0.7394642606571347,-0.834562559426296,-0.40522323738586596
-0.5532603170950696,0.6075945613378599,1.1451552343796383,1.277941016487802,0.8528908538343791,0.4005086665916079,-0.16723427852613276,-0.5972085576917583,-0.6707346802972417,-0.6835390614055765,-0.7663212207109893,-0.6585360209142466,-0.3645128115946624
-0.7040385667546948,0.6114329373145393,1.2772871280433518,1.4087732580674284,0.8487932857754434,0.41974402207829675,-0.10803152441260189,-0.5335336115643727,-0.7955067344467083,-0.7086262833057604,-0.7707228646186888,-0.7473357444671522,-0.3230306204948682
-0.5931441983399812,0.3967112121885675,1.217197273694165,1.4214013555992122,0.9166372676357704,0.5305072529174705,0.12677688838259682,-0.3764529265704722,-0.49806851976612265,-0.7961131074124939,-0.7665025640051513,-0.7350257288804463,-0.3273461777985542
-0.7333398862520005,0.05944188267264859,1.0742128323616673,1.3206896228502805,1.0210500025882965,0.46308593446241686,0.22448353127162346,-0.41447262074128394,-0.5714223295340233,-0.8647010184462156,-0.7351694267149882,-0.7944216858126139,-0.20869275687362465
-0.7162492225179574,0.10305611814352886,0.9633334706981077,1.2230268412965852,1.1956171096681716,0.6816758392830062,0.1742022828350384,-0.13674220301443363,-0.6212902587841002,-0.7496700407523951,-0.6483458387385281,-0.7236898439430857,-0.22937679900825136
-0.6866594218864792,-0.11291588523836947,1.0141108744493317,1.3200485192096698,1.106214873001397,0.9701594218971482,0.0648429761045865,-0.23855441237292768,-0.33622366922016,-0.6457965465290423,-0.5791123281004522,-0.5221971371798386,-0.004029594857664319
-0.6932806998820243,-0.15027602091398518,0.9016452533262289,1.3691929612513363,1.299463038143151,0.9351124386043583,0.42716588773219605,0.21038159420315422,-0.3343452567955245,-0.48537887056877077,-0.697378235004438,-0.8291426499175076,-0.05094981736987287
-0.6606213427144717,-0.046063255413759316,0.6553568452953615,1.3138639207056357,1.1786651485925528,0.9491778135791819,0.5077457175699304,-0.03779268312459921,-0.46229022355695526,-0.6638439395639482,-0.5924626507133219,-0.812829844689233,-0.039182083175190174
-0.7125553695859956,-0.2269751971980935,0.7052957176604564,1.2541395450621038,1.322482392568077,0.9640224233178908,0.5691616609903147,0.09386804164093404,-0.09437087000900563,-0.5236263444195439,-0.7176466227838605,-0.8160356035069345,-0.020313130442011582
-0.7074264254366409,-0.44784277095378866,0.6457314516642116,1.3065592153903052,1.3865945895220892,1.0399941394308805,0.7212222226503895,0.03752835661557463,-0.14001987389409565,-0.39953746526723394,-0.5410554085649992,-0.4998978565087824,0.08051697986881497
-0.6230411439731606,-0.5591843057322481,0.4334475739652516,1.1919986663500781,1.6453963188025387,0.9334791245377356,0.5898859787598354,0.41881521861317006,-0.1385235401417818,-0.6540955015405612,-0.6608169210088213,-0.7025239628929054,0.009014315865013028
-0.7223044200830159,-0.5261032726321551,0.44371883584512906,1.1328538071884062,1.2807887076677102,1.2341812941807562,0.9885932181878849,0.441715579746063,0.09187498641258462,-0.25870635360916866,-0.4393942873112069,-0.6393938074459911,0.19844464119259636
-0.6264488528847023,-0.7134895093286036,0.17898948638099763,1.1726346318404848,1.5756631067702584,1.349729725793497,0.7707992708867487,0.44109924282217694,0.020849137267881124,-0.42381498771245646,-0.2882135314145522,-0.6545827541165856,0.2067833013104826
-0.533146530487601,-0.7115821544959072,0.3572473044056952,1.0401594097707123,1.4456633823338685,1.1588342403457386,1.0179967099980738,0.358118645004371,0.07562797555476114,-0.21340222352130972,-0.47938623823579496,-0.6832091083968364,0.1606706659434544
-0.4121697158255326,-0.6555147279142683,0.24799871181201918,1.0372089204719737,1.4663124756152934,1.2956560259704342,0.8476257319433107,0.5946734165776687,0.08710986331751536,-0.1606984618162905,-0.641532015453453,-0.5837931737846129,0.22766847168830054
-0.17804865203884424,-0.6026126285930622,-0.0010681260305282353,0.9667075024915412,1.4239179528392807,1.2854086242630565,0.9932344279119885,0.5413579871476237,0.2869466975009908,-0.013600128694769231,-0.4295093512572341,-0.2830829121985238,0.3210521009997029
-0.20985068465968654,-0.6775864197509303,-0.03612068240385516,0.7468032809418549,1.4359384547744025,1.3377363239454276,1.304089591147567,0.8783913227470492,0.3526899531989864,-0.0017860466550826959,-0.20139643200268498,-0.3555238138066683,0.5546028051486944
-0.05584698970048105,-0.9766561543388197,-0.4068029965540647,0.7294114218943067,1.3481465585726138,1.4663332599465313,1.18854121090043,0.8901693593955051,0.3831374624706387,-0.22776197173142682,-0.2167561209028741,-0.5431268377629928,0.36528926841877996
0.21391346568135136,-0.7149029923388223,-0.37059060305560454,0.8342253272908257,1.473855677276496,1.2727301592865512,1.3565033021787516,0.8940128989863307,0.37940650516035623,-0.00021257958516790465,-0.1923978740974449,-0.3535475988731661,0.5491687454701425
0.1493210498891599,-0.7248445142127754,-0.3684333325038077,0.483993923963249,1.2408910841961278,1.5561653007016423,1.3495234647002246,0.7138691076277701,0.5479533993873407,0.16161937594695336,-0.059547741020363865,-0.45939733373843894,0.4793829918734951
0.3567925280214723,-0.6665542677849252,-0.5245341969454896,0.2958731941001579,1.3513109249392272,1.5770223192637987,1.3638438558942978,0.9297240845450401,0.6040796679806202,0.19884801882020803,-0.05315507789167784,-0.5093950047347386,0.5391252706414152
0.2831552586830691,-0.5118357548681508,-0.41758855889909274,0.22702867460430265,1.1190134442663244,1.47674115861979,1.5542124615167554,1.164635354878125,0.5530810047687702,0.3374427869570096,0.08075935613943686,-0.18300499449176222,0.565676859087246
0.44315091707519644,-0.8354760785665566,-0.3537954305938793,0.32090047604026006,1.116992184903611,1.2473339111289068,1.4324308278915492,1.2819006110636568,0.6136143860357107,0.44051487240887555,0.11311786177664196,-0.1199470243458971,0.6348467253432653
0.44799154977533834,-0.6348299726300202,-0.7278986336367815,0.22572563200696877,0.9500206172660186,1.3827147788401746,1.3109044945347872,1.3329793799729832,0.8904086218127603,0.4946509710749852,0.2369590738528894,-0.08027728733308148,0.713180463322059
0.5790575556770878,-0.45487439195866214,-0.7424197778269254,0.11614794999472305,1.0320124642544044,1.5860937285855765,1.4360050633452035,1.1207600558480644,0.6452694186915825,0.4847060455728306,0.1855262321986214,-0.17885039050160245,0.7580299546574022
0.7563241011067261,-0.6029597570430851,-0.6748859988758221,0.15598642117258663,1.0559014946513394,1.1590785496375295,1.5931517746155932,1.364230957313234,0.9957740165914492,0.3936963893263864,0.30608963442198217,-0.09371234016593655,0.763834032270147
0.5471285524897749,-0.2216361954334401,-0.5680862632989885,-0.3239378813109088,0.8246365704185781,1.3699953808057248,1.5935506538836326,1.4857395918729186,0.9951581379453999,0.6046162944909097,0.2516397187898464,0.05444206237312449,0.8668327454591451
0.7981658438932253,-0.25150783155420253,-0.8729948454695589,-0.10544881731289985,0.7303137190236675,1.2486146252175208,1.4074631780742555,1.2642642453479596,1.2392398751768448,0.763043395800123,0.28967624597957986,0.07664276771299716,0.8396954697074657
0.7999231452417335,-0.11863156193852932,-0.7380847777009779,-0.07376546198742262,0.5533795221870035,1.403170836858289,1.4960725495163052,1.4708315765642264,1.1219973893264008,0.6827837457092416,0.5884575493161271,0.05753652669910969,0.9504463990149196
0.7242110506640228,-0.1723686784527661,-0.5837367530961061,-0.42338047648727395,0.554537552391428,1.2058000564691964,1.508835458296165,1.5359805463205047,1.29747606710173,0.924332050551583,0.5076541009695826,-0.004372026816647612,0.8754195993894642
0.6322627632309309,0.055840304822109346,-0.9246405994006209,-0.4244874579940816,0.32918935896788093,1.2590993951405702,1.523146890955758,1.5107988680096995,1.2490584684757737,1.0201520539178688,0.634873775445694,0.23063029286032882,1.0349044944255896
0.763039707121738,0.17151278880091425,-0.8720574935745822,-0.5323403370195581,0.30715684250109454,1.2157619985124282,1.4090245474768255,1.383117321943114,1.3541808935929684,1.008621499043217,0.6350154784941106,0.3897661115910785,0.9037848674931893
0.6677367478037309,0.17735610290998688,-0.7619463841674429,-0.611146558744553,0.33067425766460323,1.278820698531287,1.4650145523854918,1.5582957011274567,1.4671868955260052,0.7544794984392105,0.6319539401541128,0.2254829368593113,0.8785662619435652
0.69513294514515,0.26486255619495197,-0.7387806900856941,-0.6126439607223989,0.34962406085445674,1.0067312201219145,1.4306451148128023,1.5756561297798464,1.3944050790953084,0.9960641026581916,0.7591814263347774,0.4730859447278427,0.9137401195629864
0.6121967408489366,0.35254214891988356,-0.5645368289748739,-0.4888041998028648,0.4091434879439519,0.9926992099224248,1.5508643538567133,1.6060260886493536,1.5837661493096693,1.3733984148761245,0.9684804164993382,0.5067597373096585,1.2220815599117407
0.6961678205956208,0.31881448715151106,-0.5731645205460496,-0.49222117054302383,-0.01857583663318338,0.7313171995620374,1.519535895853787,1.5718159327323324,1.4243295122456616,1.1887285582188942,0.9463316648880937,0.6132777251511132,1.0641692042684587
0.4269358225362364,0.4644779493775661,-0.7194138532118434,-0.746537488744876,0.09740917692415366,0.9206844565098459,1.3838459042381968,1.5860537010477074,1.5887461144611446,1.1010797816315305,0.7845267088713369,0.6902131868875474,0.9915677174860195
0.253566312152559,0.5314603459222327,-0.4286818878529379,-0.5517660261628674,-0.10545356858049121,0.644953382907532,1.314123307226499,1.6234387043837937,1.6830122331304511,1.4764602803005493,0.9977696271723655,0.5982505217144679,1.1237911750085965
0.2704817629064974,0.6449811682580758,-0.4707269103408841,-0.7602210556321011,-0.22562675670797905,0.5822913356368673,1.3175469774052724,1.663593712230442,1.6839775537725674,1.404871635521395,1.259714680436654,0.570444516126517,1.096631749143609
0.1643637593305394,0.7581486347719015,-0.21350432184539983,-0.6019942187798321,-0.2443652922551921,0.5519756681197805,1.1677028855403282,1.575772253126703,1.8325137643438376,1.5616284274195433,1.1206896042423915,0.7428277518402832,1.195404787328973
0.16296641340547466,0.5946916284269678,-0.3277370033046433,-0.7923224468480216,-0.35451684457417293,0.31269348582771656,1.0763339163792844,1.5471088457135136,1.5830125034196016,1.5232747587231055,1.020824357898375,0.948562304497772,0.9397683112496004
-0.008084887053904519,0.7206584899589926,-0.2495868200238989,-0.7675942411975828,-0.4182554230938989,0.40606865764956573,1.0347941399328175,1.5742452720142799,1.535458336019583,1.582584241870292,1.4470303034983079,0.8681858345947411,1.0517284452579099
-0.17601160944463556,0.9036640779408313,-0.050569948019704325,-0.7340380088282102,-0.5337926070129277,0.39405791186039046,0.9995857903251311,1.3450373409725263,1.583440667121541,1.610753061883025,1.3807050227557742,0.9148233071868088,1.0218707946894159
-0.18502211961058831,0.6929094542482109,0.054129099219824714,-0.43492844929664887,-0.6911234701201294,0.2411142062195164,0.8777478006304722,1.5522600117259509,1.7538744649264024,1.6783797572683712,1.357935023055337,0.8628790041056147,0.9572621609623277
-0.5675154752527118,0.6859698800542231,0.10552212556380997,-0.6424849377436682,-0.758366878590133,-0.03169384220555305,0.9384465403136621,1.467381206139378,1.7380213622741683,1.8668998991950578,1.3778448198380384,1.2798530639318706,1.1333825479688027
-0.6256365833126549,0.7784587478790757,-0.02553654394378127,-0.7660005756848509,-0.5854009257205481,0.03152417460399823,0.9208278687869994,1.4299050305257484,1.694300868511279,1.7630346171810523,1.570708383378909,1.2453677828974377,1.0617158268180433
-0.7612295775325361,0.8218810587599542,0.2776618689345144,-0.5592440795128881,-0.7188790322881999,0.03661006643214121,0.6125966033241543,1.4763061277713136,1.5630940424114512,1.5308446581217112,1.453061744756209,1.2964774247621753,1.0467013853707203
-0.8065842858566219,0.7071993002604917,0.1988954655163835,-0.6468094896603291,-0.7848418706300879,-0.30465033795223084,0.6954772571601682,1.1352459498266438,1.7388971718726705,1.7525855865580269,1.6640447237275504,1.3712884155642704,1.129364010767663
-0.9947643369909897,0.7973267874967014,0.401091380091922,-0.6081514544130937,-0.7517702996997437,-0.300915906671515,0.5912174320142918,1.0796519819505896,1.5221209951745385,1.8371460727582314,1.6424497095282484,1.3854090258922072,0.9674010144828616
-0.8720088894357778,0.6987414247817785,0.3063721669488202,-0.4114371632468903,-0.6937498186980671,-0.17928783418430116,0.566583586718319,1.2473673550116726,1.7384982091176773,1.8543387328421652,1.6486501261755533,1.3545841522814888,1.0098860234540665
-1.0237440988961735,0.6367611792504404,0.5597249208248503,-0.4374262686274343,-0.7689809967279155,-0.30995609656841705,0.4497256790308233,1.1589156912424234,1.8820759800410056,1.6984383318148013,1.671523245402237,1.4118433002955117,1.0034818381209705
-1.200984774589537,0.5391458713186904,0.49522038179620886,-0.3466157941583641,-0.8595151116618123,-0.36193987477564016,0.22400335965786222,1.1132326776869745,1.6025252201437108,1.8605635483301004,1.6690094730678964,1.4324624300510633,0.9856679194681277
-1.1932442888869286,0.6401587017511221,0.5021818829601657,-0.3033320633036133,-0.6713040186753734,-0.2791582406889668,0.16161652689446734,0.9838076811312351,1.5896751535683844,1.8357474920713068,1.8172655332836742,1.7833669442858486,0.9674450245014882
-1.0827495133201193,0.30401012871492195,0.7495756795743941,-0.19829359071169478,-0.6292310868599056,-0.4756996619840542,0.2098278161992701,1.027760586686927,1.4436308103787674,1.9950700155236596,1.6489489626718639,1.6177173121334925,0.914656814146442
-1.0367973472704872,0.035841615667247265,0.7427702600789384,-0.11430848833984253,-0.7242110100857408,-0.5093947820876065,0.22971671977111757,0.9836847944491678,1.269662312503646,1.653624173218372,1.5925945974625653,1.555429267890685,0.8950792339969015
-0.9112423635656883,0.3039603857414697,0.6898449028835659,-0.2736710291512809,-0.6562721375999443,-0.3516532616895116,-0.17332438785587911,0.8660056735330075,1.3445528624297993,1.6646847158568614,1.8320028852707304,1.685389503396351,0.8782073043195935
-0.7935780156388076,0.0019822959886941494,0.9208674580140442,0.06450277565865031,-0.6030678277326289,-0.6863329527050062,0.005596861480187398,0.7171092109087073,1.2462236886436933,1.66765393744113,1.8458783828103615,1.5720350018851386,0.720803483959864
-1.001509806380727,-0.03911504088871946,0.7477955577014187,-0.022246914917545962,-0.5817746166236286,-0.7814427188741191,0.01495235517150878,0.4567189730963004,1.1582338070279836,1.6281844614468768,1.8393646556342336,1.8550175778964264,0.7212820493834119
-1.0842685568006363,-0.01719196744419242,0.8026122435344492,0.009426259995442415,-0.595073813872923,-0.6898838301723362,-0.19195979715077138,0.6677363747806089,1.419521033933314,1.5633169529476227,1.8370665598713236,1.6669867269750065,0.850323198387004
-1.1259406305218698,-0.4059050341381117,0.8251811585531771,0.22441713380586437,-0.552848812502059,-0.7139441637874775,-0.19156012704028502,0.6356604096811045,1.2160598313152897,1.3474194808343076,1.7655474831281377,1.8087369992831854,0.7403469386991879
-0.7993537482851766,-0.46636335411574,0.726571276017923,0.3134819420563575,-0.5117766165801803,-0.8297635888178081,-0.3837634477611872,0.5002909189557404,1.1655868485601288,1.547936969968007,1.8740102066368995,1.8877032901061932,0.6827395640435786
-0.807903627381475,-0.593549388989272,0.8173650491510324,0.3081238889942086,-0.6197876873767283,-0.8935827236375231,-0.38891576955958784,0.2702143703999461,1.0331438788039904,1.5925224908588922,1.7847277381969324,1.8389438327727663,0.6352867630988663
-0.6570551381906581,-0.6005103619796699,0.6902836331230479,0.5298996326922223,-0.3819686980787009,-0.5665801796505273,-0.5989507351966501,0.34821991822306836,0.9810065615119299,1.467023551316705,1.730974142693227,1.8261100557661167,0.6438077686462967
-0.5555758140230072,-0.5590580264107778,0.6677953582970172,0.37822833810996,-0.525737033446422,-0.7660762202619638,-0.7272618500410806,0.29019367461259815,1.0270594170205498,1.667352589395395,1.7353082736701644,1.830732466728744,0.6491067721833301
-0.3789000712881069,-0.6256396363655952,0.8028832134918423,0.5331596426414096,-0.4043340318699031,-0.8671982262376872,-0.45035763360803116,0.28427727802476155,0.857994693424035,1.429471431351625,1.9518232638740451,1.8337573286954538,0.5556790319997542
-0.12209219265780119,-0.717520487691649,0.5130097894441934,0.5720047108003705,-0.12633730605461518,-0.6916725257694244,-0.690551166282276,-0.03369430829490877,0.8434911984198654,1.5085578221886806,1.5560238601671457,1.7882160486929084,0.4919750281898294
-0.07218328062464137,-0.9446004528875,0.3195686671314102,0.6772169894338276,-0.10210779278640031,-0.7776704248536466,-0.6804275004093125,-0.04163663364568898,0.6988448292212276,1.3540803317183916,1.7558231656076602,1.8041411033831196,0.51436594457745
0.03972804901698575,-1.0827357395647357,0.6596600809353705,0.7554551824799428,0.035028935218165164,-0.7698700251831025,-0.8115659393807628,-0.015303310424516436,0.6113479562037748,1.3563943584049265,1.5108872810327967,1.9969634842844282,0.4900169189891919
0.09614019184243003,-0.8841729649054693,0.6858397445062735,0.6663979672711123,-0.0671433440693684,-0.6606897365004513,-0.8470323915868914,-0.15317179484514581,0.4313515931059163,1.245003206150537,1.637640139942448,1.8347781689160871,0.46373666973590505
0.17492366260673226,-0.9635327279042432,0.3180809399244432,0.8728307964459008,-0.08069472279940865,-0.8131543875387506,-0.7514674411907785,-0.33709234828892515,0.3003786573466989,1.2949790170757622,1.5715666455081814,1.7604014750536905,0.3071336525412318
0.432970193471279,-0.885544735706237,0.08877707346043348,0.833244060773383,0.08521633635869666,-0.6107013207826091,-0.8299176694050177,-0.24764205546778867,0.39800848402213806,1.102605312850448,1.3697920642826664,1.7774405368199635,0.366644778495787
0.6099479055186335,-0.8644568046293424,0.1722533918253868,0.6574059979746065,0.19387130190331062,-0.4118783504123803,-0.7367867388122931,-0.2920241100550905,0.3559955224096246,1.0836234358834282,1.5775714664371174,1.9259630149861393,0.4610748738270974
0.9184275483116775,-0.9118435765867339,0.09337949272545919,0.6633651677446993,0.26511329987131327,-0.509267672257958,-0.7416474804638034,-0.39868168542434806,0.14835234544756248,1.0059395852628263,1.45816036400372,1.867143666867196,0.35661404443496286
0.8717235094866373,-0.8284726295356027,0.02046599096904972,0.8634974284800938,0.44273614581635395,-0.5420348945215989,-0.7618000024873193,-0.4396813501988643,0.20084165789025302,0.8742786359168682,1.2409882383401734,1.836117659426567,0.30289419192856726
1.0630850345773193,-0.8482929203964533,-0.15475277861263606,0.8409972145681648,0.3634845212553057,-0.4998068603057668,-0.7716738821480933,-0.5380348928043936,0.13795522009744676,0.8761278334848643,1.486991095997168,1.7317305248424415,0.2768070539217873
1.0085068045299308,-0.7731035751324581,-0.06773723693843092,0.8440180557130041,0.5026474148348812,-0.43132598672308275,-0.6340972028153951,-0.41102812515857595,-0.15350450444559238,0.9905315687791656,1.4961809904346097,1.7891725138682644,0.26981028901031157
1.0197139759271137,-0.840047521284052,-0.1540093010771296,0.8358348103372889,0.4335220184812489,-0.3537741544301365,-0.8897165533610547,-0.6916059079970236,-0.09842103214759412,0.6706800035948672,1.4490065932640694,1.638856959969779,0.18776891435541357
1.1064522491864353,-0.7201360209875891,-0.4342466981596099,0.83863657997421,0.6390086637433819,-0.3015282110061043,-0.7743548772953202,-0.6987778432570697,-0.033461077443136145,0.6696811964015381,1.2810249514122933,1.645726852891632,0.2571440973875489
1.1792354456991319,-0.6049049052946031,-0.28992540609755013,0.8816961454893987,0.6521013489066378,-0.10517728313167773,-0.6364211131278236,-0.673142544948603,-0.10079442671187233,0.6831423214600043,1.1928514673010095,1.7343249894960635,0.22635147580773024
1.4967251269068302,-0.4555689490517681,-0.22545246014047746,0.6403615910362859,0.6304438299112334,-0.3013002334681375,-0.5991175826475343,-0.6161040734171397,-0.3179823870639149,0.6008614965896089,1.262324394599622,1.6876997253993777,0.14954715210269728
1.2167162652293784,-0.4816064254369314,-0.4794215092424744,0.5928495945779768,0.7309303778979002,0.0285120759471168,-0.8388345401655273,-0.8789544509104299,-0.24746307131652323,0.41754899377847193,1.2373276456817695,1.4623766196487382,0.08054502093159638
1.3803184309445868,-0.28734688605187947,-0.5904994312841929,0.5537194588999788,0.7803048866895073,-0.024336843853110635,-0.6943611009111088,-0.880839790306793,-0.21912475363977513,0.10787587824627137,1.1205196306508425,1.4327827415218721,0.07721036692947614
1.186464032663144,-0.25704682872943146,-0.62465795441346,0.6398253475869699,0.8107420356948403,0.12323708251100418,-0.48935949872554685,-0.9694874385598415,-0.29887702618170353,0.3282440152972638,0.8497550147649158,1.4845559569692683,0.060062409666297084
1.3331620331944907,-0.12821592639821688,-0.5955166490606616,0.6786790994602543,1.0484970773955116,0.04490617632605548,-0.5322075094392668,-0.7736175319447345,-0.4383007547929353,-0.01426988397494161,0.8996450864086983,1.5993485789129032,0.1082753302409723
1.2252454651807798,0.08419109031085432,-0.8690118173530775,0.45020350918399676,0.8894796071150839,0.36224594787790343,-0.5173697803720636,-0.8951350615448481,-0.5245462639876347,0.28674025636908684,0.8581062273943739,1.186050267321081,0.057150256583391956
1.1021074570691909,-0.07802124688893243,-0.7102265041381493,0.17879334381161577,0.897079811293438,0.42500671301546306,-0.5088398758949431,-0.8234193363881146,-0.5862802185477045,0.08994485308740402,0.567068040504025,1.3542615587648683,0.029084912133761492
1.0299975551655063,0.11263511421500348,-0.7878351835240831,0.19126490554788786,0.7279253084986144,0.46631927248698457,-0.4721966275152639,-0.7157466771587573,-0.5186267752526927,0.10761018717604737,0.7282629607013889,1.135728904650969,0.0665676149615596
0.8713992861954762,0.21459948231936066,-0.5772029146376785,0.20876515848114463,0.858422720729995,0.2872418671650261,-0.34860058511977465,-0.8382574698992165,-0.5842859894184707,-0.14632118758088447,0.8415376172229371,1.1550269585351574,0.033495750772497945
0.8722062497126901,0.24811232689778173,-0.783435018557772,0.1650542478072925,0.9256425156104735,0.5880220356395873,-0.3434320500832043,-0.7385505035292197,-0.5754412106654909,-0.27331011189500737,0.6109511844713426,1.1255087721489605,-0.07881927149289758
0.6623269746731607,0.5290188713582548,-0.5939533212679554,0.10776558176560741,0.8814107601973598,0.6096330537607337,-0.26070892945969315,-0.774622837800343,-0.6558645696279647,-0.15193425053101178,0.6270191046347978,1.0619041144053987,-0.05971556774662484
0.456734407379063,0.7825008800608679,-0.856484715931087,0.07993385057096479,1.080204112819911,0.4699291820025474,-0.18466106977549518,-0.6560201647220714,-0.6138335046610329,-0.23913297756149549,0.43088381608082826,0.9912412740538012,-0.04204640488498615
0.31607541198723177,0.7837942233972129,-0.6634465748599618,-0.027254864183589522,0.911663929390707,0.6862513230563914,-0.1945499166730471,-0.6499097819131276,-0.7088139987093504,-0.3403214652202659,0.33857174952380564,0.9848242459544585,-0.08436497534627
0.3207627482748448,0.9295349233756206,-0.657133425059451,0.03774709862285819,1.0373530626981795,0.779940918455166,-0.0062496940351657315,-0.7365899209357756,-0.6582065025855056,-0.3355551759136161,0.3178996120638686,0.8690345289918331,-0.08972969432824363
0.31812987332965226,1.10771275068358,-0.7339598190012773,-0.20417733783678693,0.8894387186025972,0.8501714779727005,0.3003920357661417,-0.6501708311239112,-0.6637831389530259,-0.11742691812573586,0.1328353362076647,0.7139044240781857,-0.046396731089862
0.03207488878995223,1.2110631823931406,-0.5787130946302389,-0.2898236047073514,0.8563825895470727,0.8593496238948155,-0.0995066798842918,-0.490944655322518,-0.8412611244340343,-0.35800781700093903,0.05363910141392919,0.8750225018972373,-0.09715008601497337
-0.13873499391681351,1.1403659936125097,-0.4164404330334748,-0.2197128730688261,0.8080663135684294,0.9135284178639107,0.18025386178606528,-0.5142841014616446,-0.9473000233839105,-0.38079618114005104,0.21338216376754282,0.8086668904925955,-0.07216218491214707
-0.23800462771428477,1.3402370997740978,-0.5036659663459881,-0.4815558088031514,0.7768064310887959,1.0700373560984378,0.14157213952063563,-0.6481107231461345,-0.6135447632508612,-0.44249920045152263,0.16203726303111038,0.7536646977253376,-0.050272161015320546
-0.2704974772079613,1.2595647461501498,-0.5670273240689049,-0.3452168368837164,0.9033171039386692,1.07883561930857,0.34479109612139147,-0.39435019044869973,-0.7393810598496228,-0.41683072845884744,-0.1347644244306596,0.45103038947046514,-0.0022424313801263293
-0.5065766950584464,1.1993607511989741,-0.3197527106632798,-0.4253846324210867,0.45038518156648927,0.6981938921505002,0.3605340222133059,-0.5168034472524194,-0.9294219677069003,-0.6182924422587637,0.002352096907957013,0.5707071027390639,-0.12296557104763514
-0.6881600198793205,1.2432303697519045,-0.3227665103233408,-0.4965944221215981,0.42939598796359946,0.9767910269360544,0.49991068916622106,-0.21269483342138523,-0.8181002133027332,-0.8357924895446105,-0.160109117373482,0.5442453324295596,0.019229726814436854
-0.6444959961992462,1.1607065213750887,-0.1764525902707286,-0.3635307011305213,0.5191581931394167,1.010562671184519,0.6078009871580491,-0.19456503864559732,-0.6541545963625913,-0.6766389939736142,-0.1724087527298599,0.3096454456466725,-0.048110292229415125
-0.8083482921352353,1.212411296585582,-0.05609721803123452,-0.6189757302414332,0.516021725832271,0.865089705906429,0.5743630747271269,-0.2087019029721156,-0.7398880677457581,-0.6004259441405,-0.2132012960320676,0.350251628420534,-0.08602268739641379
-0.780512827075552,1.2442754249178523,-0.12115499811307304,-0.37865365100843706,0.5223110063239109,1.057722866202042,0.7312200083670548,-0.16064003359774576,-0.7397501558139351,-0.798688197982111,-0.21033117064276075,0.2748897651914506,-0.04514298348756974
-0.9843250519258526,1.3258476705407742,-0.012681804985029604,-0.6283860615370557,0.4374649039471782,1.1759058311657469,0.44419161020490383,-0.13417499868683241,-0.5212299655993866,-0.7356897160632845,-0.34960637965087493,0.4086883270288326,-0.018774903322536167
-1.178502813540259,1.3698665861147543,0.29771776101427616,-0.7476927766497925,0.2872106649538728,0.939839492711359,0.8956891803585209,0.019151926883452686,-0.7350908732901414,-0.7997707516563819,-0.26240969850567664,0.35581340835232245,0.006952506029297933
-1.2305118910051405,0.9992423228610453,0.29802878510460024,-0.619954864067849,0.3621513574334515,1.0743962779565646,0.8293067623856987,-0.020017001088113773,-0.6756243583101734,-0.5890992487859974,-0.4153425749009786,-0.0630912142030775,0.05377990237129623
-0.9501030182842494,1.1044145843550157,0.19377862927505587,-0.7342158698033762,0.29752613175358555,0.936312656237031,0.9516100257923431,0.10727545191607069,-0.5366661634225007,-0.6692173925081797,-0.4239163164313198,0.29396113572567373,-0.01665966179716825
-0.948062376252169,0.8775201412806867,0.6268539830519294,-0.6940455372291144,0.14733727662351148,0.9428384282063038,0.7704840021925354,0.23816977533960437,-0.4774625826871701,-0.680020017280127,-0.6067959212953153,-0.1043368794616859,0.00986174127122888
-1.127467940087159,0.9351610183748952,0.6708994058347405,-0.5640890896277353,0.16030329164060403,1.1350471607604387,0.854432327005003,0.16235643301887726,-0.4224549083283825,-0.6801852777049688,-0.341722579508711,0.029409537790553664,0.07192159619305419
-1.121140433696134,0.7713976550048861,0.6637772161254775,-0.5258750137762525,0.02759970322099467,0.9056512933087822,0.9933238693916918,0.22448419436423145,-0.3336059645928061,-0.7394249608718233,-0.5416176112555566,-0.025770438093723813,-0.04750857608614009
-0.8948034476106164,0.49006261212990326,0.6902570266135541,-0.6141478651311275,-0.11782254695475092,0.974254938601311,1.0142421296969726,0.2339431118035794,-0.3547638650742144,-0.7055178502322423,-0.5451229857359181,-0.2747334815696064,0.03914689521625718
-1.095427705808496,0.6476914564442344,0.9866729661537749,-0.41674755200696956,-0.051720522692581816,0.7047993522651207,1.0772979065916688,0.3136252896364612,-0.27302833476993726,-0.8296321330528296,-0.8018026516400034,-0.1762314554476868,0.07427597924990889
-1.0046615260367306,0.37044352069593856,1.012708966410703,-0.35661718042982227,-0.16761527933551124,1.038060555531947,1.1861737492760875,0.30305356448909276,-0.292896204454979,-0.9119249881029579,-0.7444917646051556,-0.2846280147422887,-0.01575608424518525
-0.7692491248534367,0.24938659495612986,1.2834560248555666,-0.2792641641337268,-0.23261117361461392,0.8683052459694502,0.9254976181829974,0.623540325202901,-0.20359608049393307,-0.6568388726672794,-0.556294150985698,-0.264559381963656,0.11579661289912213
-0.7807747871961244,0.06481362540046624,1.1466531062829077,-0.3145066628928363,-0.13598351644011103,0.742610475078066,1.2191692857852905,0.7946797802125143,-0.14011090885185784,-0.61449712253198,-0.6658351697792677,-0.34072888299524806,0.05232210398503065
-0.6404630907863108,-0.025986688258116133,1.1942092389254422,-0.17012103753413732,-0.5749622891841875,0.7681708465375986,1.1377820100820542,0.8178490632666453,-0.06869269412790302,-0.4975971223936951,-0.8968922905025063,-0.28554277921741766,0.06447156514952918
-0.5475279668424363,-0.049998674849309824,1.1803467371217278,-0.4285075311138149,-0.5139288679011145,0.5166695484890176,1.1270937864449604,0.5722718540313614,0.04913617602477427,-0.4297020656163462,-0.6092013105609968,-0.43649169061712256,0.17256867384746985
-0.3830473856900688,-0.24234768961258885,1.310629351444932,-0.20166236199038895,-0.528500834139912,0.7205797802742793,1.0062080748769624,0.8647155430097404,0.0906625565309499,-0.39494955363748047,-0.7714384540066048,-0.49705247779820483,0.135871602085557
-0.1579301886370877,-0.31814162121766204,1.3132909988387507,-0.18207124143298964,-0.4787945999268394,0.5126175224815929,1.2048041068116881,0.9893365694546603,0.10377127841326944,-0.6137945147794854,-0.5764704328162631,-0.4041818202504518,0.14807776552510454
-0.16965194687583274,-0.4379280720895407,1.3874064292116413,-0.0056145490011137444,-0.495375863289291,0.46569802539006355,0.9096273377615504,0.8536594522375269,0.08332652699358989,-0.5083275294970242,-0.7234482057047615,-0.4864800622299186,0.16824349664331356
0.005574630891459695,-0.4593259788077246,1.2109748128432667,0.005839068733831221,-0.6426352012141947,0.37682269776275634,1.2078273242550643,0.9588040322597731,0.23633433264192,-0.3813890240693218,-0.6877956967571688,-0.4992039362801648,0.18905583370547113
-0.1459220922745359,-0.7358025299447565,1.2097633505842178,0.12890454552536568,-0.606757107490892,0.307001871798263,0.9812138264105663,0.7940928141678687,0.29228200062458626,-0.12992121465926226,-0.5805406643582596,-0.6637773706832084,0.17885023642703057
0.16830871372806722,-0.9509859146442894,1.1849191544543616,0.4175953320678079,-0.6048673516196605,0.3732134904724227,1.118792754278977,1.0644970708375907,0.37985730272992957,-0.18632229453284282,-0.7749620435498739,-0.7237876436883544,0.2754907522295594
0.1973388660261235,-0.7888815137994315,1.2808708043586354,0.29687458997711413,-0.27768128049389956,0.268023884047758,1.0802610841320024,0.9709574540342996,0.6463374434928264,-0.17131552358620789,-0.7679296507896116,-0.6949348586344837,0.227706514631202
0.2609872736561521,-1.0105780210292483,1.310234631916504,0.43958577955586287,-0.34192815734111165,0.24670777646652425,1.1837159073640418,1.1331619955128256,0.4378976746181241,-0.268837830252926,-0.6684410952936424,-0.7160621419186404,0.24315947011624983
0.3874453696897122,-0.9364348442571245,1.0630752507468582,0.45850692577908314,-0.5559782755979696,0.1205683124976463,1.0194999330980994,0.9892217673879691,0.596295237640723,-0.2632483092897832,-0.5430023109039546,-0.5880591614800417,0.29431901555301576
0.5240399685716081,-1.067911734706816,1.0054076716974771,0.5712780349043773,-0.5379139558822332,0.11389361384419092,0.9347607928318878,1.2279108518775481,0.7236664713586394,-0.03916296074140441,-0.7325950144781355,-0.5786354007352239,0.3748598055208868
0.7198239303080258,-1.1650021144475369,1.0090845263853863,0.6440131711595114,-0.5973533258310151,-0.03658693501916954,0.9167354718875832,1.3003975448387417,0.6881031720116415,-0.1696971140712012,-0.7370441762858138,-0.6981394083414283,0.34990878677460313
0.5539494934666311,-1.1494752908821693,0.8743505781636733,0.764981315479971,-0.6483662224409876,0.17297034315611226,1.05454134681306,1.1399050484195763,0.9720711634998392,-0.023703935517364827,-0.45564293214072005,-0.5427554825760939,0.36795619433904586
0.7347742182795176,-1.0082378645677215,0.9075166677491544,0.909770517978001,-0.43876584706844085,-0.2597586006779463,0.9376177178984558,1.1206989363619455,0.7587463047880252,0.049576473685709055,-0.5632316808374935,-0.5490488200344088,0.4079402466991859
0.7145985229201628,-1.0010024756122278,0.4934073502111096,1.0267702787515443,-0.49099590841250523,-0.027148900576864976,0.7992946949072872,1.0308032276479993,0.8852892280497295,0.2821967790037254,-0.5043315807831881,-0.6584389035314513,0.3354228940096069
0.7473793431571407,-1.1935111257086204,0.5359031268359068,0.9568626263153468,-0.35868173858707425,-0.06371346489020457,0.7654888422751942,1.2275984843610532,0.827191293889588,0.15001432847225576,-0.6103410463922858,-0.7587012792312018,0.42923520360088446
0.8832596797179398,-1.162736468634118,0.4349241629304389,1.043218935119835,-0.4643405305873772,-0.32965609824557207,0.5813818991226778,1.1997275742901337,0.9237766390822092,0.004653545125914371,-0.4496118809392604,-0.5095818895857243,0.28568149306141744
0.8254536033425677,-1.0363213450187856,0.17126968355219888,0.9214925298514625,-0.3300994890940209,-0.061834930836780655,0.7238989655117226,1.1022568633778715,1.0331595389789654,0.36242119940130485,-0.3371615909419625,-0.6607349486640839,0.47016793845581206
0.8802086672642118,-1.1810621796000769,0.19361789478596486,1.073561035193233,-0.18443693954900808,-0.22165654211397257,0.45431286851215147,1.2979880111910358,1.1395380968625266,0.30556412529941257,-0.19583562316118353,-0.626476707901441,0.39360382303001706
0.6925878576694701,-1.003723216833017,0.08270571337738791,1.215157286902738,-0.1042810940070294,-0.25641643993076857,0.6493210902118733,1.198921405861369,1.1305991921416247,0.44309839582944804,-0.31638945631940063,-0.6545082138965259,0.5329240001200689
0.5875470330948545,-0.9688941301461595,0.03696648332428515,1.2391246027095657,-0.03738123433010443,-0.37872131324193103,0.5297741912771279,1.123550022440714,1.2653715066021327,0.49320246824062275,-0.021998915226592253,-0.6880316368409845,0.4847124882399112
0.5723850333024542,-0.8538258441116374,0.050914788596565924,1.1973761953363207,-0.14647377453134508,-0.4267226593938067,0.6976254567353251,1.15893033680039,1.1675823207774665,0.5370000116211296,-0.20289710420253426,-0.7215354500292792,0.3739341249560322
0.546356663720015,-0.8780982445197892,-0.20158495622341163,1.2805599771675542,0.13820731492698843,-0.4447447821303905,0.29050955160861075,1.3009442705633734,1.17820247346509,0.7051555497296846,-0.14785314541359795,-0.48418866651142833,0.43975184586356186
0.45815315043276683,-0.855007762180772,-0.3950235375202904,1.2485142752495144,0.04185095188133209,-0.3987561639071613,0.33175234565678025,1.2298165698105477,1.5127664382568802,0.5336367775828811,0.13052496205641073,-0.595883039701405,0.5143376392739163
0.24298925895868245,-0.7975838035664085,-0.4096090908804513,1.3186567039204826,0.2557538025893351,-0.30680240225070154,0.46357276889709126,1.1286491221355515,1.3092486534878223,0.6948753827003349,0.05553339098459975,-0.17900609797490308,0.58768380569386
0.2655631829123889,-0.5904790327227865,-0.4070422987259944,1.2183491664527013,0.2629419575256121,-0.43294439922009764,0.3451633784542371,1.1722636059376865,1.2217563815844017,0.873291625517334,0.037874186804850996,-0.558423936520718,0.4662229581263798
0.18028089742798037,-0.40862041950838685,-0.7126767679296464,1.1362249118920924,0.1983166134816926,-0.5413863568175431,0.09955943412613949,0.9597035395399693,1.2445091998370659,0.8002588962589134,0.13716715035413735,-0.5379520269931086,0.4011412765282714
0.30777634673310206,-0.2730220174829202,-0.8033793713501108,1.1794190261554158,0.3761608364896946,-0.3619773440895575,0.1359244066792198,1.0413955505200778,1.2361933299017138,0.7558516998187114,0.3483273723545711,-0.3212420033141872,0.5217999765121784
0.14171713157137922,0.07072457743422682,-0.7469254595539918,0.8186071372153455,0.5154799398311678,-0.341527527509661,0.05957289108867142,1.0123719792473078,1.4368967991442139,1.036761837238694,0.4205351873331813,-0.17712255155167433,0.5556337099948653
-0.2320422246807603,0.1085410259918627,-0.907769462520649,1.1077789230446566,0.6102046862738719,-0.3525082371081336,0.03521041155143623,0.9074622979082942,1.315806455565446,1.133329224044223,0.25350432061331296,-0.27926559916502636,0.4287998864171888
-0.27317077386651234,0.021497101444267766,-0.8953094056630716,0.6547319167339863,0.6030452395031731,-0.32296100521616433,-0.11312720021727224,0.9523419568286868,1.3701984593024403,1.0654114838075592,0.3924007942694937,-0.18216569439285257,0.43316780318009857
-0.48371666558919757,0.26967803730022466,-1.0267780142480165,0.7899002634001285,0.8363083733877097,-0.3994725783934263,-0.10010572043209298,0.7828762375143878,1.3525459423679544,0.920341930566178,0.4671301663745831,-0.3755318379777385,0.4364398450955513
-0.4829503495419145,0.3074893923449662,-1.010906878076879,0.9430809865701828,0.8471112444587596,-0.43563695407103453,-0.2962723938544898,0.8620369653478623,1.429714960712079,1.2310183461480706,0.42078907465906457,-0.20896894804367583,0.5347898153571051
-0.4708424527815683,0.42784904016971836,-1.230026412472733,0.8747514066312368,0.7806773908397828,-0.39559153064100516,-0.16538075142263314,0.8146346304116909,1.2658270266369491,1.0357711766296187,0.574791097134019,-0.19700965544187943,0.5184279786143028
-0.4509386700839017,0.5764854469996861,-1.162533890175887,0.6337951847386701,0.9376209459235636,-0.4342431162153729,-0.17321934613054618,0.41463883600694207,1.2331937962025283,1.2711961142945072,0.6413075791802009,-0.22611253521687869,0.4554994958731797
-0.7028888797783813,0.7139841459684962,-1.206237847112109,0.5963729262873645,1.1080918723236162,-0.20505835118202237,-0.2769815730261138,0.7710631242466186,1.34980562059133,1.1872275713536655,0.8145045378397451,0.029457090344615633,0.5276224152669443
-0.7421013444523553,0.7036692034201726,-1.3194153453513822,0.7172954919630046,1.158284386825593,-0.1915530032694795,-0.4482590943305961,0.29198270332845677,1.3705474064761436,1.1926436210410543,0.8800531264569185,-0.15097648767743233,0.46595375752598694
-0.9254806162748681,0.9200010719908674,-1.3555272460691532,0.4402603041580982,0.8819913073781107,-0.17835065038920972,-0.21673734640073627,0.47915749720209055,1.323320163812797,1.293990951094568,0.7841648007970022,-0.0023353771267390355,0.40341027625031434
-0.7477607678037984,0.7651372857927939,-1.1206409000316768,0.6178290553800053,0.9493710064421426,-0.3780586047828999,-0.3041433638165125,0.5868861332764822,1.1853793197478126,1.346223373844296,0.852246694743114,0.13362171747218388,0.447148771630361
-0.8446952617762661,0.9347076290277412,-1.2031235916630594,0.29539088690980847,1.2221085880519051,-0.15270661992382184,-0.43423962782506564,0.39605438342657046,1.307088526178557,1.323247461110894,0.9952459428400212,0.16239457779234745,0.42026932077421136
-0.7843434051116013,1.2370833576225404,-1.2380429528335675,0.23635138114015858,0.9934605270315835,0.14094758051853373,-0.4066675757899507,0.22470888504802888,1.1348545140844637,1.466336411199784,0.9239329849226545,0.34391599421981633,0.4012465902250839
